id_projet;intitule;organisation;co_porteurs;thematiques;odd;etat;annee_debut;annee_fin;zones;beneficiaires_par_zone;partenaires;bailleurs;budget_eur;resume
P001;Appui à l’entrepreneuriat des jeunes – Boghé;grdr;;dev_eco;1 8;termine;2019;2022;MR-BOGHE;MR-BOGHE:15000;Commune de Boghé | Agence régionale de développement de Brakna | Réseau des jeunes du fleuve | Université partenaire (recherche);Agence bilatérale A | Agence de l’eau D | Fonds climat E;120000;Projet fictif de démonstration porté par Grdr sur Boghé. Il illustre la structure d’une fiche projet : objectifs, activités principales et résultats attendus. Thématique principale : Développement économique.
P002;Formation professionnelle des jeunes ruraux – Tougué;grdr;;education_formation;4 8;termine;2021;2025;GN-TOUGUE;GN-TOUGUE:800;Association de ressortissants en France;Agence de l’eau D;2500000;Projet fictif de démonstration porté par Grdr sur Tougué. Il illustre la structure d’une fiche projet : objectifs, activités principales et résultats attendus. Thématique principale : Éducation et formation.
P003;Appui à l’entrepreneuriat des jeunes (Saint-Louis);grdr;;dev_eco;1 8;termine;2022;2025;SN-PODOR MR-RKIZ MR-KAEDI MR-MEDERDRA;SN-PODOR:625 MR-RKIZ:625 MR-KAEDI:625 MR-MEDERDRA:625;Service régional de l’hydraulique | Agence régionale de développement de Saint-Louis | Commune de Méderdra | Association de ressortissants en France;Union européenne (fictif) | Fondation B;1200000;Projet fictif de démonstration porté par Grdr sur Podor, Rkiz, Kaédi, Méderdra. Il illustre la structure d’une fiche projet : objectifs, activités principales et résultats attendus. Thématique principale : Développement économique.
P004;Cadres de concertation intercommunaux (Gorgol);grdr;;cohesion_gouvernance education_formation;4 5 8 16;en_cours;2023;2027;SN-MATAM MR-KAEDI MR-MAGHAMA MR-MBOUT;SN-MATAM:200 MR-KAEDI:200 MR-MAGHAMA:200 MR-MBOUT:200;Réseau des jeunes du fleuve | Service régional de l’hydraulique | Université partenaire (recherche);Fonds climat E | Fondation B;1200000;Projet fictif de démonstration porté par Grdr sur Matam, Kaédi, Maghama, Mbout. Il illustre la structure d’une fiche projet : objectifs, activités principales et résultats attendus. Thématique principale : Cohésion sociale et gouvernance.
P005;Renforcement de la planification locale (Assaba);grdr;;dev_local secu_alim;2 11 16;termine;2020;2022;MR-MBOUT MR-KIFFA MR-BOUMDEID;MR-MBOUT:500 MR-KIFFA:500 MR-BOUMDEID:500;Fédération des éleveurs de Assaba | Université partenaire (recherche) | Réseau des jeunes du fleuve;Union européenne (fictif) | Programme multilatéral F;250000;Projet fictif de démonstration porté par Grdr sur Mbout, Kiffa, Boumdeid. Il illustre la structure d’une fiche projet : objectifs, activités principales et résultats attendus. Thématique principale : Développement local.
P006;Insertion socio-professionnelle (Louga);grdr;;education_formation secu_alim;2 4 8;termine;2019;2021;SN-SAINT-LOUIS SN-DAGANA SN-LOUGA SN-KEBEMER;SN-SAINT-LOUIS:200 SN-DAGANA:200 SN-LOUGA:200 SN-KEBEMER:200;Fédération des éleveurs de Louga | Association de ressortissants en France | Association des femmes de Kébémer | Commune de Saint-Louis;Fonds climat E | Coopération décentralisée C;350000;Projet fictif de démonstration porté par Grdr sur Saint-Louis, Dagana, Louga, Kébémer. Il illustre la structure d’une fiche projet : objectifs, activités principales et résultats attendus. Thématique principale : Éducation et formation.
P007;Structuration des filières locales – Goudiry;grdr;gret partenariat;dev_eco education_formation;1 4 8;termine;2023;2024;SN-GOUDIRY;SN-GOUDIRY:1500;Service régional de l’hydraulique | Université partenaire (recherche);Fondation B | Coopération décentralisée C | Agence bilatérale A;1200000;Projet fictif de démonstration porté par Grdr sur Goudiry. Il illustre la structure d’une fiche projet : objectifs, activités principales et résultats attendus. Thématique principale : Développement économique.
P008;Accès au financement des petites entreprises rurales (Labé);grdr;ados;dev_eco eau_assainissement;1 6 8;termine;2019;2022;GN-LABE GN-TOUGUE;GN-LABE:3000 GN-TOUGUE:3000;Association de ressortissants en France;Fonds climat E | Agence bilatérale A;1800000;Projet fictif de démonstration porté par Grdr sur Labé, Tougué. Il illustre la structure d’une fiche projet : objectifs, activités principales et résultats attendus. Thématique principale : Développement économique.
P009;Cadres de concertation intercommunaux – Boutilimit;grdr;;cohesion_gouvernance;5 16;en_cours;2023;2026;MR-BOUTILIMIT;MR-BOUTILIMIT:800;Association de ressortissants en France | Réseau des jeunes du fleuve;Fonds climat E | Agence bilatérale A;480000;Projet fictif de démonstration porté par Grdr sur Boutilimit. Il illustre la structure d’une fiche projet : objectifs, activités principales et résultats attendus. Thématique principale : Cohésion sociale et gouvernance.
P010;Insertion socio-professionnelle – Mbagne;grdr;;education_formation;4 8;termine;2022;2025;MR-MBAGNE;MR-MBAGNE:2500;Agence régionale de développement de Brakna | Association de ressortissants en France | Association des femmes de Mbagne;Coopération décentralisée C;900000;Projet fictif de démonstration porté par Grdr sur Mbagne. Il illustre la structure d’une fiche projet : objectifs, activités principales et résultats attendus. Thématique principale : Éducation et formation.
P011;Structuration des filières locales (Kayes);grdr;avsf;dev_eco;1 8;en_cours;2024;2026;ML-KITA ML-BAFOULABE;ML-KITA:750 ML-BAFOULABE:750;Association de ressortissants en France | Union des producteurs de Kayes;Agence bilatérale A;1800000;Projet fictif de démonstration porté par Grdr sur Kita, Bafoulabé. Il illustre la structure d’une fiche projet : objectifs, activités principales et résultats attendus. Thématique principale : Développement économique.
P012;Structuration des filières locales – Kéniéba;grdr;;dev_eco;1 8;termine;2020;2022;ML-KENIEBA;ML-KENIEBA:15000;Université partenaire (recherche);Fonds climat E | Agence de l’eau D;1800000;Projet fictif de démonstration porté par Grdr sur Kéniéba. Il illustre la structure d’une fiche projet : objectifs, activités principales et résultats attendus. Thématique principale : Développement économique.
P013;Alphabétisation fonctionnelle des femmes – Linguère;grdr;gret;education_formation migration;4 8 10;en_cours;2025;2027;SN-LINGUERE;SN-LINGUERE:25000;Agence régionale de développement de Louga | Commune de Linguère | Association de ressortissants en France | Fédération des éleveurs de Louga;Agence bilatérale A | Programme multilatéral F;1800000;Projet fictif de démonstration porté par Grdr sur Linguère. Il illustre la structure d’une fiche projet : objectifs, activités principales et résultats attendus. Thématique principale : Éducation et formation.
P014;Accès au financement des petites entreprises rurales – Bakel;grdr;;dev_eco risques_naturels;1 8 11 13;termine;2023;2025;SN-BAKEL;SN-BAKEL:4000;Union des producteurs de Tambacounda | Fédération des éleveurs de Tambacounda | Commune de Bakel | Association des femmes de Bakel;Fondation B | Agence bilatérale A;900000;Projet fictif de démonstration porté par Grdr sur Bakel. Il illustre la structure d’une fiche projet : objectifs, activités principales et résultats attendus. Thématique principale : Développement économique.
P015;Mobilisation de la diaspora pour le développement local (Matam);grdr;;migration;8 10;en_cours;2024;2027;SN-MATAM SN-TAMBACOUNDA SN-KANEL SN-RANEROU;SN-MATAM:1000 SN-TAMBACOUNDA:1000 SN-KANEL:1000 SN-RANEROU:1000;Union des producteurs de Matam | Fédération des éleveurs de Matam;Coopération décentralisée C | Fondation B | Programme multilatéral F;650000;Projet fictif de démonstration porté par Grdr sur Matam, Tambacounda, Kanel, Ranérou. Il illustre la structure d’une fiche projet : objectifs, activités principales et résultats attendus. Thématique principale : Migration et développement.
P016;Alphabétisation fonctionnelle des femmes (Assaba);grdr;;education_formation dev_local;4 8 11 16;termine;2022;2025;MR-KIFFA MR-GUEROU MR-BOUMDEID MR-BARKEOL;MR-KIFFA:625 MR-GUEROU:625 MR-BOUMDEID:625 MR-BARKEOL:625;Service régional de l’hydraulique | Commune de Kiffa | Fédération des éleveurs de Assaba;Fondation B;900000;Projet fictif de démonstration porté par Grdr sur Kiffa, Guérou, Boumdeid, Barkéol. Il illustre la structure d’une fiche projet : objectifs, activités principales et résultats attendus. Thématique principale : Éducation et formation.
P017;Alphabétisation fonctionnelle des femmes (Mamou);grdr;;education_formation;4 8;en_cours;2023;2027;GN-PITA GN-MAMOU GN-DALABA GN-LELOUMA;GN-PITA:1000 GN-MAMOU:1000 GN-DALABA:1000 GN-LELOUMA:1000;Service régional de l’hydraulique;Agence de l’eau D;180000;Projet fictif de démonstration porté par Grdr sur Pita, Mamou, Dalaba, Lélouma. Il illustre la structure d’une fiche projet : objectifs, activités principales et résultats attendus. Thématique principale : Éducation et formation.
P018;Accès au financement des petites entreprises rurales – Salemata;grdr;;dev_eco risques_naturels;1 8 11 13;termine;2022;2025;SN-SALEMATA;SN-SALEMATA:25000;Service régional de l’hydraulique | Association de ressortissants en France;Programme multilatéral F | Union européenne (fictif) | Fondation B;1800000;Projet fictif de démonstration porté par Grdr sur Salemata. Il illustre la structure d’une fiche projet : objectifs, activités principales et résultats attendus. Thématique principale : Développement économique.
P019;Appui à la maîtrise d’ouvrage communale (Guidimakha);grdr;;dev_local;11 16;termine;2019;2022;MR-GHABOU MR-SELIBABY;MR-GHABOU:4500 MR-SELIBABY:4500;Association de ressortissants en France | Fédération des éleveurs de Guidimakha | Service régional de l’hydraulique | Union des producteurs de Guidimakha;Union européenne (fictif);350000;Projet fictif de démonstration porté par Grdr sur Ghabou, Sélibaby. Il illustre la structure d’une fiche projet : objectifs, activités principales et résultats attendus. Thématique principale : Développement local.
P020;Dialogue territorial et prévention des conflits (Koulikoro);grdr;;cohesion_gouvernance;5 16;en_cours;2025;2027;ML-BANAMBA ML-DIEMA ML-NARA ML-KOLOKANI;ML-BANAMBA:1500 ML-DIEMA:1500 ML-NARA:1500 ML-KOLOKANI:1500;Service régional de l’hydraulique | Commune de Kolokani;Union européenne (fictif) | Programme multilatéral F;1200000;Projet fictif de démonstration porté par Grdr sur Banamba, Diéma, Nara, Kolokani. Il illustre la structure d’une fiche projet : objectifs, activités principales et résultats attendus. Thématique principale : Cohésion sociale et gouvernance.
P021;Insertion socio-professionnelle (Tambacounda);grdr;;education_formation dev_local;4 8 11 16;termine;2021;2023;SN-BAKEL SN-SARAYA;SN-BAKEL:7500 SN-SARAYA:7500;Service régional de l’hydraulique;Union européenne (fictif);2500000;Projet fictif de démonstration porté par Grdr sur Bakel, Saraya. Il illustre la structure d’une fiche projet : objectifs, activités principales et résultats attendus. Thématique principale : Éducation et formation.
P022;Cadres de concertation intercommunaux – Dagana;grdr;;cohesion_gouvernance grn;5 13 15 16;termine;2019;2021;SN-DAGANA;SN-DAGANA:2500;Union des producteurs de Saint-Louis | Commune de Dagana | Fédération des éleveurs de Saint-Louis;Fonds climat E | Coopération décentralisée C | Agence de l’eau D;1800000;Projet fictif de démonstration porté par Grdr sur Dagana. Il illustre la structure d’une fiche projet : objectifs, activités principales et résultats attendus. Thématique principale : Cohésion sociale et gouvernance.
P023;Accès à l’eau potable et à l’assainissement (Trarza);gret;ados;eau_assainissement;6;en_cours;2024;2027;MR-ROSSO SN-LINGUERE SN-DAGANA;MR-ROSSO:500 SN-LINGUERE:500 SN-DAGANA:500;Commune de Rosso | Réseau des jeunes du fleuve | Fédération des éleveurs de Trarza;Fonds climat E;1800000;Projet fictif de démonstration porté par Gret sur Rosso, Linguère, Dagana. Il illustre la structure d’une fiche projet : objectifs, activités principales et résultats attendus. Thématique principale : Eau et assainissement.
P024;Accès à l’eau potable et à l’assainissement (Saint-Louis);gret;;eau_assainissement;6;termine;2020;2022;SN-SAINT-LOUIS SN-PODOR SN-DAGANA MR-KEUR-MACENE;SN-SAINT-LOUIS:1500 SN-PODOR:1500 SN-DAGANA:1500 MR-KEUR-MACENE:1500;Agence régionale de développement de Saint-Louis | Union des producteurs de Saint-Louis;Fondation B | Fonds climat E;2500000;Projet fictif de démonstration porté par Gret sur Saint-Louis, Podor, Dagana, Keur Macène. Il illustre la structure d’une fiche projet : objectifs, activités principales et résultats attendus. Thématique principale : Eau et assainissement.
P025;Appui aux initiatives de développement local – Mbagne;gret;;dev_local secu_alim;2 11 16;termine;2024;2025;MR-MBAGNE;MR-MBAGNE:25000;Agence régionale de développement de Brakna | Réseau des jeunes du fleuve | Commune de Mbagne;Coopération décentralisée C | Agence bilatérale A;480000;Projet fictif de démonstration porté par Gret sur Mbagne. Il illustre la structure d’une fiche projet : objectifs, activités principales et résultats attendus. Thématique principale : Développement local.
P026;Gestion concertée des services d’eau – Barkéol;gret;;eau_assainissement;6;termine;2020;2023;MR-BARKEOL;MR-BARKEOL:15000;Fédération des éleveurs de Assaba | Commune de Barkéol | Agence régionale de développement de Assaba | Réseau des jeunes du fleuve;Fonds climat E | Coopération décentralisée C;480000;Projet fictif de démonstration porté par Gret sur Barkéol. Il illustre la structure d’une fiche projet : objectifs, activités principales et résultats attendus. Thématique principale : Eau et assainissement.
P027;Renforcement de la planification locale (Trarza);gret;;dev_local education_formation;4 8 11 16;termine;2019;2022;MR-RKIZ MR-BOGHE;MR-RKIZ:3000 MR-BOGHE:3000;Agence régionale de développement de Trarza | Fédération des éleveurs de Trarza | Association des femmes de Boghé;Agence bilatérale A | Fondation B | Coopération décentralisée C;120000;Projet fictif de démonstration porté par Gret sur Rkiz, Boghé. Il illustre la structure d’une fiche projet : objectifs, activités principales et résultats attendus. Thématique principale : Développement local.
P028;Appui à l’entrepreneuriat des jeunes – Ranérou;gret;;dev_eco;1 8;termine;2020;2022;SN-RANEROU;SN-RANEROU:2500;Agence régionale de développement de Matam | Commune de Ranérou;Coopération décentralisée C | Agence de l’eau D;480000;Projet fictif de démonstration porté par Gret sur Ranérou. Il illustre la structure d’une fiche projet : objectifs, activités principales et résultats attendus. Thématique principale : Développement économique.
P029;Appui aux initiatives de développement local (Gorgol);gret;;dev_local secu_alim;2 11 16;termine;2021;2024;SN-PODOR MR-KAEDI SN-MATAM;SN-PODOR:1333 MR-KAEDI:1333 SN-MATAM:1333;Union des producteurs de Gorgol;Agence bilatérale A;1800000;Projet fictif de démonstration porté par Gret sur Podor, Kaédi, Matam. Il illustre la structure d’une fiche projet : objectifs, activités principales et résultats attendus. Thématique principale : Développement local.
P030;Renforcement de la planification locale (Mamou);gret;;dev_local;11 16;en_cours;2025;2028;GN-MAMOU GN-DALABA;GN-MAMOU:2000 GN-DALABA:2000;Association des femmes de Dalaba | Commune de Mamou | Université partenaire (recherche);Coopération décentralisée C | Programme multilatéral F;900000;Projet fictif de démonstration porté par Gret sur Mamou, Dalaba. Il illustre la structure d’une fiche projet : objectifs, activités principales et résultats attendus. Thématique principale : Développement local.
P031;Appui à la maîtrise d’ouvrage communale – Ranérou;gret;;dev_local education_formation;4 8 11 16;termine;2020;2022;SN-RANEROU;SN-RANEROU:800;Fédération des éleveurs de Matam;Agence de l’eau D | Coopération décentralisée C;180000;Projet fictif de démonstration porté par Gret sur Ranérou. Il illustre la structure d’une fiche projet : objectifs, activités principales et résultats attendus. Thématique principale : Développement local.
P032;Résilience des systèmes alimentaires (Brakna);gret;;secu_alim;2;termine;2020;2022;MR-BOGHE MR-OUAD-NAGA MR-BOUTILIMIT;MR-BOGHE:267 MR-OUAD-NAGA:267 MR-BOUTILIMIT:267;Commune de Ouad Naga;Union européenne (fictif);480000;Projet fictif de démonstration porté par Gret sur Boghé, Ouad Naga, Boutilimit. Il illustre la structure d’une fiche projet : objectifs, activités principales et résultats attendus. Thématique principale : Sécurité alimentaire.
P033;Appui à la maîtrise d’ouvrage communale (Kankan);gret;;dev_local;11 16;termine;2019;2022;GN-KANKAN GN-MANDIANA GN-KOUROUSSA GN-SIGUIRI;GN-KANKAN:1000 GN-MANDIANA:1000 GN-KOUROUSSA:1000 GN-SIGUIRI:1000;Réseau des jeunes du fleuve | Service régional de l’hydraulique | Union des producteurs de Kankan;Coopération décentralisée C;1800000;Projet fictif de démonstration porté par Gret sur Kankan, Mandiana, Kouroussa, Siguiri. Il illustre la structure d’une fiche projet : objectifs, activités principales et résultats attendus. Thématique principale : Développement local.
P034;Accès à l’eau potable et à l’assainissement (Saint-Louis);gret;partenariat;eau_assainissement migration;6 8 10;en_cours;2024;2028;SN-PODOR MR-BABABE;SN-PODOR:750 MR-BABABE:750;Fédération des éleveurs de Saint-Louis | Association des femmes de Bababé | Commune de Bababé;Fonds climat E | Agence de l’eau D;350000;Projet fictif de démonstration porté par Gret sur Podor, Bababé. Il illustre la structure d’une fiche projet : objectifs, activités principales et résultats attendus. Thématique principale : Eau et assainissement.
P035;Appui à l’entrepreneuriat des jeunes – Kaédi;gret;;dev_eco;1 8;termine;2020;2022;MR-KAEDI;MR-KAEDI:800;Fédération des éleveurs de Gorgol | Commune de Kaédi | Service régional de l’hydraulique | Agence régionale de développement de Gorgol;Agence bilatérale A | Union européenne (fictif);2500000;Projet fictif de démonstration porté par Gret sur Kaédi. Il illustre la structure d’une fiche projet : objectifs, activités principales et résultats attendus. Thématique principale : Développement économique.
P036;Assainissement en milieu scolaire – Koumpentoum;gret;;eau_assainissement migration;6 8 10;en_cours;2024;2027;SN-KOUMPENTOUM;SN-KOUMPENTOUM:800;Fédération des éleveurs de Tambacounda | Université partenaire (recherche) | Union des producteurs de Tambacounda;Union européenne (fictif) | Agence bilatérale A;180000;Projet fictif de démonstration porté par Gret sur Koumpentoum. Il illustre la structure d’une fiche projet : objectifs, activités principales et résultats attendus. Thématique principale : Eau et assainissement.
P037;Gestion concertée des services d’eau (Matam);gret;;eau_assainissement;6;en_cours;2025;2027;SN-LINGUERE SN-RANEROU;SN-LINGUERE:12500 SN-RANEROU:12500;Association de ressortissants en France | Réseau des jeunes du fleuve | Agence régionale de développement de Matam;Fondation B | Fonds climat E;120000;Projet fictif de démonstration porté par Gret sur Linguère, Ranérou. Il illustre la structure d’une fiche projet : objectifs, activités principales et résultats attendus. Thématique principale : Eau et assainissement.
P038;Appui à la maîtrise d’ouvrage communale – Maghama;gret;;dev_local;11 16;termine;2022;2023;MR-MAGHAMA;MR-MAGHAMA:800;Service régional de l’hydraulique | Association de ressortissants en France | Commune de Maghama;Programme multilatéral F | Fonds climat E | Agence bilatérale A;350000;Projet fictif de démonstration porté par Gret sur Maghama. Il illustre la structure d’une fiche projet : objectifs, activités principales et résultats attendus. Thématique principale : Développement local.
P039;Structuration des filières locales (Matam);gret;;dev_eco;1 8;en_cours;2025;2028;SN-TAMBACOUNDA SN-KANEL SN-GOUDIRY SN-RANEROU;SN-TAMBACOUNDA:3750 SN-KANEL:3750 SN-GOUDIRY:3750 SN-RANEROU:3750;Université partenaire (recherche) | Réseau des jeunes du fleuve | Union des producteurs de Matam;Agence bilatérale A | Agence de l’eau D | Union européenne (fictif);250000;Projet fictif de démonstration porté par Gret sur Tambacounda, Kanel, Goudiry, Ranérou. Il illustre la structure d’une fiche projet : objectifs, activités principales et résultats attendus. Thématique principale : Développement économique.
P040;Gestion concertée des services d’eau – Podor;gret;;eau_assainissement risques_naturels;6 11 13;termine;2021;2023;SN-PODOR;SN-PODOR:4000;Association des femmes de Podor | Union des producteurs de Saint-Louis;Coopération décentralisée C | Agence de l’eau D;1800000;Projet fictif de démonstration porté par Gret sur Podor. Il illustre la structure d’une fiche projet : objectifs, activités principales et résultats attendus. Thématique principale : Eau et assainissement.
P041;Lutte contre la plante envahissante typha (Kayes);avsf;;grn;13 15;termine;2021;2024;ML-KITA ML-BAFOULABE ML-DIEMA ML-KENIEBA;ML-KITA:1000 ML-BAFOULABE:1000 ML-DIEMA:1000 ML-KENIEBA:1000;Fédération des éleveurs de Kayes;Union européenne (fictif) | Agence de l’eau D;180000;Projet fictif de démonstration porté par AVSF sur Kita, Bafoulabé, Diéma, Kéniéba. Il illustre la structure d’une fiche projet : objectifs, activités principales et résultats attendus. Thématique principale : Gestion des ressources naturelles.
P042;Appui aux unités pastorales – Bafoulabé;avsf;;pastoralisme grn;2 13 15;en_cours;2025;2028;ML-BAFOULABE;ML-BAFOULABE:1500;Association de ressortissants en France | Union des producteurs de Kayes | Association des femmes de Bafoulabé;Fondation B | Fonds climat E | Agence bilatérale A;2500000;Projet fictif de démonstration porté par AVSF sur Bafoulabé. Il illustre la structure d’une fiche projet : objectifs, activités principales et résultats attendus. Thématique principale : Pastoralisme et élevage.
P043;Appui aux unités pastorales (Kayes);avsf;grdr;pastoralisme eau_assainissement;2 6 15;termine;2019;2021;ML-KAYES ML-BAFOULABE;ML-KAYES:12500 ML-BAFOULABE:12500;Service régional de l’hydraulique | Agence régionale de développement de Kayes;Agence bilatérale A;1800000;Projet fictif de démonstration porté par AVSF sur Kayes, Bafoulabé. Il illustre la structure d’une fiche projet : objectifs, activités principales et résultats attendus. Thématique principale : Pastoralisme et élevage.
P044;Accès au financement des petites entreprises rurales (Saint-Louis);avsf;;dev_eco;1 8;termine;2020;2021;SN-PODOR SN-DAGANA;SN-PODOR:7500 SN-DAGANA:7500;Fédération des éleveurs de Saint-Louis | Association de ressortissants en France | Commune de Podor;Fonds climat E | Union européenne (fictif);900000;Projet fictif de démonstration porté par AVSF sur Podor, Dagana. Il illustre la structure d’une fiche projet : objectifs, activités principales et résultats attendus. Thématique principale : Développement économique.
P045;Structuration des filières locales – Kanel;avsf;partenariat;dev_eco;1 8;termine;2022;2023;SN-KANEL;SN-KANEL:6000;Université partenaire (recherche);Union européenne (fictif) | Programme multilatéral F | Fondation B;250000;Projet fictif de démonstration porté par AVSF sur Kanel. Il illustre la structure d’une fiche projet : objectifs, activités principales et résultats attendus. Thématique principale : Développement économique.
P046;Sécurisation de la mobilité pastorale – Saint-Louis;avsf;;pastoralisme grn;2 13 15;termine;2021;2023;SN-SAINT-LOUIS;SN-SAINT-LOUIS:15000;Association des femmes de Saint-Louis | Réseau des jeunes du fleuve | Agence régionale de développement de Saint-Louis | Service régional de l’hydraulique;Agence bilatérale A;1800000;Projet fictif de démonstration porté par AVSF sur Saint-Louis. Il illustre la structure d’une fiche projet : objectifs, activités principales et résultats attendus. Thématique principale : Pastoralisme et élevage.
P047;Maraîchage et sécurité nutritionnelle (Tambacounda);avsf;;secu_alim grn;2 13 15;termine;2019;2022;SN-BAKEL SN-GOUDIRY;SN-BAKEL:12500 SN-GOUDIRY:12500;Association des femmes de Goudiry | Fédération des éleveurs de Tambacounda | Association de ressortissants en France;Coopération décentralisée C | Agence de l’eau D;250000;Projet fictif de démonstration porté par AVSF sur Bakel, Goudiry. Il illustre la structure d’une fiche projet : objectifs, activités principales et résultats attendus. Thématique principale : Sécurité alimentaire.
P048;Résilience des systèmes alimentaires (Tambacounda);avsf;;secu_alim cohesion_gouvernance;2 5 16;en_cours;2025;2028;SN-BAKEL ML-KAYES ML-KENIEBA;SN-BAKEL:3000 ML-KAYES:3000 ML-KENIEBA:3000;Commune de Kayes;Agence bilatérale A;1800000;Projet fictif de démonstration porté par AVSF sur Bakel, Kayes, Kéniéba. Il illustre la structure d’une fiche projet : objectifs, activités principales et résultats attendus. Thématique principale : Sécurité alimentaire.
P049;Sécurisation de la mobilité pastorale (Saint-Louis);avsf;;pastoralisme;2 15;termine;2023;2024;SN-SAINT-LOUIS SN-LINGUERE SN-DAGANA;SN-SAINT-LOUIS:3000 SN-LINGUERE:3000 SN-DAGANA:3000;Agence régionale de développement de Saint-Louis | Université partenaire (recherche);Programme multilatéral F | Fondation B | Union européenne (fictif);2500000;Projet fictif de démonstration porté par AVSF sur Saint-Louis, Linguère, Dagana. Il illustre la structure d’une fiche projet : objectifs, activités principales et résultats attendus. Thématique principale : Pastoralisme et élevage.
P050;Lutte contre la plante envahissante typha (Louga);avsf;geres;grn migration;8 10 13 15;termine;2020;2023;SN-LINGUERE SN-KEBEMER;SN-LINGUERE:4500 SN-KEBEMER:4500;Union des producteurs de Louga | Service régional de l’hydraulique | Commune de Kébémer | Réseau des jeunes du fleuve;Fonds climat E;1200000;Projet fictif de démonstration porté par AVSF sur Linguère, Kébémer. Il illustre la structure d’une fiche projet : objectifs, activités principales et résultats attendus. Thématique principale : Gestion des ressources naturelles.
P051;Renforcement de la planification locale (Louga);geres;;dev_local;11 16;termine;2021;2024;SN-SAINT-LOUIS SN-DAGANA SN-LOUGA;SN-SAINT-LOUIS:3000 SN-DAGANA:3000 SN-LOUGA:3000;Service régional de l’hydraulique;Fondation B | Programme multilatéral F | Agence de l’eau D;120000;Projet fictif de démonstration porté par Geres sur Saint-Louis, Dagana, Louga. Il illustre la structure d’une fiche projet : objectifs, activités principales et résultats attendus. Thématique principale : Développement local.
P052;Prévention des inondations et alerte précoce – Podor;geres;ados partenariat;risques_naturels pastoralisme;2 11 13 15;termine;2022;2025;SN-PODOR;SN-PODOR:15000;Association de ressortissants en France;Agence de l’eau D | Union européenne (fictif);2500000;Projet fictif de démonstration porté par Geres sur Podor. Il illustre la structure d’une fiche projet : objectifs, activités principales et résultats attendus. Thématique principale : Risques naturels et inondations.
P053;Prévention des inondations et alerte précoce – Kanel;geres;;risques_naturels migration;8 10 11 13;termine;2020;2022;SN-KANEL;SN-KANEL:25000;Commune de Kanel | Association de ressortissants en France | Université partenaire (recherche);Fondation B | Agence de l’eau D | Fonds climat E;2500000;Projet fictif de démonstration porté par Geres sur Kanel. Il illustre la structure d’une fiche projet : objectifs, activités principales et résultats attendus. Thématique principale : Risques naturels et inondations.
P054;Restauration des terres dégradées (Saint-Louis);geres;ados;grn risques_naturels;11 13 15;termine;2019;2023;SN-SAINT-LOUIS SN-PODOR SN-DAGANA SN-LOUGA;SN-SAINT-LOUIS:1500 SN-PODOR:1500 SN-DAGANA:1500 SN-LOUGA:1500;Association des femmes de Podor | Fédération des éleveurs de Saint-Louis | Réseau des jeunes du fleuve | Service régional de l’hydraulique;Agence de l’eau D;180000;Projet fictif de démonstration porté par Geres sur Saint-Louis, Podor, Dagana, Louga. Il illustre la structure d’une fiche projet : objectifs, activités principales et résultats attendus. Thématique principale : Gestion des ressources naturelles.
P055;Renforcement de la planification locale – Kanel;geres;;dev_local;11 16;termine;2019;2023;SN-KANEL;SN-KANEL:6000;Commune de Kanel | Agence régionale de développement de Matam;Fonds climat E | Programme multilatéral F;120000;Projet fictif de démonstration porté par Geres sur Kanel. Il illustre la structure d’une fiche projet : objectifs, activités principales et résultats attendus. Thématique principale : Développement local.
P056;Structuration des filières locales (Matam);geres;;dev_eco grn;1 8 13 15;termine;2019;2022;SN-PODOR SN-KANEL SN-RANEROU;SN-PODOR:267 SN-KANEL:267 SN-RANEROU:267;Université partenaire (recherche) | Association des femmes de Podor | Réseau des jeunes du fleuve | Association de ressortissants en France;Coopération décentralisée C | Programme multilatéral F | Agence de l’eau D;120000;Projet fictif de démonstration porté par Geres sur Podor, Kanel, Ranérou. Il illustre la structure d’une fiche projet : objectifs, activités principales et résultats attendus. Thématique principale : Développement économique.
P057;Prévention des inondations et alerte précoce (Tambacounda);geres;grdr;risques_naturels cohesion_gouvernance;5 11 13 16;termine;2019;2021;SN-MATAM SN-KANEL SN-KOUMPENTOUM SN-RANEROU;SN-MATAM:375 SN-KANEL:375 SN-KOUMPENTOUM:375 SN-RANEROU:375;Union des producteurs de Tambacounda;Fonds climat E;120000;Projet fictif de démonstration porté par Geres sur Matam, Kanel, Koumpentoum, Ranérou. Il illustre la structure d’une fiche projet : objectifs, activités principales et résultats attendus. Thématique principale : Risques naturels et inondations.
P058;Restauration des terres dégradées (Tambacounda);geres;avsf;grn;13 15;en_cours;2025;2028;SN-BAKEL SN-KANEL SN-SARAYA;SN-BAKEL:1333 SN-KANEL:1333 SN-SARAYA:1333;Réseau des jeunes du fleuve | Agence régionale de développement de Tambacounda | Association de ressortissants en France;Programme multilatéral F;480000;Projet fictif de démonstration porté par Geres sur Bakel, Kanel, Saraya. Il illustre la structure d’une fiche projet : objectifs, activités principales et résultats attendus. Thématique principale : Gestion des ressources naturelles.
P059;Renforcement de la planification locale (Matam);ados;;dev_local secu_alim;2 11 16;termine;2019;2022;SN-MATAM SN-KANEL;SN-MATAM:2000 SN-KANEL:2000;Association de ressortissants en France | Agence régionale de développement de Matam | Union des producteurs de Matam | Association des femmes de Matam;Agence de l’eau D;180000;Projet fictif de démonstration porté par Ados sur Matam, Kanel. Il illustre la structure d’une fiche projet : objectifs, activités principales et résultats attendus. Thématique principale : Développement local.
P060;Restauration des terres dégradées (Louga);ados;;grn;13 15;termine;2021;2022;SN-LOUGA SN-KEBEMER;SN-LOUGA:1250 SN-KEBEMER:1250;Service régional de l’hydraulique | Association des femmes de Kébémer;Coopération décentralisée C;180000;Projet fictif de démonstration porté par Ados sur Louga, Kébémer. Il illustre la structure d’une fiche projet : objectifs, activités principales et résultats attendus. Thématique principale : Gestion des ressources naturelles.
P061;Lutte contre la plante envahissante typha – Saint-Louis;ados;;grn;13 15;termine;2024;2025;SN-SAINT-LOUIS;SN-SAINT-LOUIS:2500;Association des femmes de Saint-Louis | Service régional de l’hydraulique | Union des producteurs de Saint-Louis;Agence de l’eau D | Programme multilatéral F;900000;Projet fictif de démonstration porté par Ados sur Saint-Louis. Il illustre la structure d’une fiche projet : objectifs, activités principales et résultats attendus. Thématique principale : Gestion des ressources naturelles.
P062;Renforcement de la planification locale (Kédougou);ados;;dev_local education_formation;4 8 11 16;termine;2023;2025;SN-TAMBACOUNDA SN-KOUMPENTOUM SN-GOUDIRY SN-SARAYA;SN-TAMBACOUNDA:1500 SN-KOUMPENTOUM:1500 SN-GOUDIRY:1500 SN-SARAYA:1500;Réseau des jeunes du fleuve | Association des femmes de Koumpentoum | Service régional de l’hydraulique;Fondation B;2500000;Projet fictif de démonstration porté par Ados sur Tambacounda, Koumpentoum, Goudiry, Saraya. Il illustre la structure d’une fiche projet : objectifs, activités principales et résultats attendus. Thématique principale : Développement local.
P063;Accès à l’eau potable et à l’assainissement – Dagana;ados;;eau_assainissement;6;en_cours;2023;2026;SN-DAGANA;SN-DAGANA:6000;Fédération des éleveurs de Saint-Louis | Union des producteurs de Saint-Louis;Programme multilatéral F;480000;Projet fictif de démonstration porté par Ados sur Dagana. Il illustre la structure d’une fiche projet : objectifs, activités principales et résultats attendus. Thématique principale : Eau et assainissement.
P064;Appui à la maîtrise d’ouvrage communale – Koumpentoum;ados;avsf;dev_local;11 16;termine;2019;2022;SN-KOUMPENTOUM;SN-KOUMPENTOUM:4000;Commune de Koumpentoum | Union des producteurs de Tambacounda | Réseau des jeunes du fleuve | Service régional de l’hydraulique;Agence bilatérale A | Fonds climat E;900000;Projet fictif de démonstration porté par Ados sur Koumpentoum. Il illustre la structure d’une fiche projet : objectifs, activités principales et résultats attendus. Thématique principale : Développement local.
P065;Gestion concertée des services d’eau (Saint-Louis);ados;;eau_assainissement;6;termine;2024;2025;SN-PODOR SN-GOUDIRY SN-RANEROU;SN-PODOR:5000 SN-GOUDIRY:5000 SN-RANEROU:5000;Service régional de l’hydraulique | Fédération des éleveurs de Saint-Louis;Coopération décentralisée C | Agence bilatérale A;1800000;Projet fictif de démonstration porté par Ados sur Podor, Goudiry, Ranérou. Il illustre la structure d’une fiche projet : objectifs, activités principales et résultats attendus. Thématique principale : Eau et assainissement.
P066;Appui à la maîtrise d’ouvrage communale – Kankan;partenariat;grdr;dev_local;11 16;en_cours;2022;2026;GN-KANKAN;GN-KANKAN:9000;Association de ressortissants en France | Association des femmes de Kankan | Université partenaire (recherche) | Réseau des jeunes du fleuve;Agence bilatérale A | Fonds climat E | Fondation B;900000;Projet fictif de démonstration porté par Le Partenariat sur Kankan. Il illustre la structure d’une fiche projet : objectifs, activités principales et résultats attendus. Thématique principale : Développement local.
P067;Alphabétisation fonctionnelle des femmes (Kankan);partenariat;geres;education_formation dev_eco;1 4 8;en_cours;2024;2027;GN-KANKAN GN-KOUROUSSA;GN-KANKAN:7500 GN-KOUROUSSA:7500;Agence régionale de développement de Kankan | Association des femmes de Kouroussa | Union des producteurs de Kankan;Agence de l’eau D | Union européenne (fictif);1200000;Projet fictif de démonstration porté par Le Partenariat sur Kankan, Kouroussa. Il illustre la structure d’une fiche projet : objectifs, activités principales et résultats attendus. Thématique principale : Éducation et formation.
P068;Gestion concertée des services d’eau – Kanel;partenariat;;eau_assainissement;6;en_cours;2024;2026;SN-KANEL;SN-KANEL:6000;Association de ressortissants en France | Union des producteurs de Matam | Fédération des éleveurs de Matam;Fondation B | Union européenne (fictif);900000;Projet fictif de démonstration porté par Le Partenariat sur Kanel. Il illustre la structure d’une fiche projet : objectifs, activités principales et résultats attendus. Thématique principale : Eau et assainissement.
P069;Aménagement résilient des berges (Kankan);partenariat;;risques_naturels secu_alim;2 11 13;termine;2021;2023;GN-KEROUANE GN-KANKAN;GN-KEROUANE:4500 GN-KANKAN:4500;Fédération des éleveurs de Kankan | Commune de Kankan | Réseau des jeunes du fleuve;Fondation B | Union européenne (fictif) | Agence de l’eau D;2500000;Projet fictif de démonstration porté par Le Partenariat sur Kérouané, Kankan. Il illustre la structure d’une fiche projet : objectifs, activités principales et résultats attendus. Thématique principale : Risques naturels et inondations.
P070;Insertion socio-professionnelle – Bakel;partenariat;;education_formation;4 8;en_cours;2024;2027;SN-BAKEL;SN-BAKEL:6000;Association de ressortissants en France | Union des producteurs de Tambacounda | Service régional de l’hydraulique | Université partenaire (recherche);Programme multilatéral F | Agence bilatérale A | Agence de l’eau D;350000;Projet fictif de démonstration porté par Le Partenariat sur Bakel. Il illustre la structure d’une fiche projet : objectifs, activités principales et résultats attendus. Thématique principale : Éducation et formation.
P071;Assainissement en milieu scolaire – Podor;partenariat;;eau_assainissement;6;termine;2022;2023;SN-PODOR;SN-PODOR:800;Réseau des jeunes du fleuve | Association des femmes de Podor;Union européenne (fictif) | Agence de l’eau D;250000;Projet fictif de démonstration porté par Le Partenariat sur Podor. Il illustre la structure d’une fiche projet : objectifs, activités principales et résultats attendus. Thématique principale : Eau et assainissement.
P072;Renforcement de la planification locale (Mamou);partenariat;;dev_local;11 16;termine;2021;2025;GN-MAMOU GN-TOUGUE;GN-MAMOU:2000 GN-TOUGUE:2000;Agence régionale de développement de Mamou | Réseau des jeunes du fleuve | Association des femmes de Mamou;Agence bilatérale A;900000;Projet fictif de démonstration porté par Le Partenariat sur Mamou, Tougué. Il illustre la structure d’une fiche projet : objectifs, activités principales et résultats attendus. Thématique principale : Développement local.
P073;Renforcement de la planification locale (Kédougou);partenariat;;dev_local risques_naturels;11 13 16;termine;2023;2025;SN-BAKEL SN-SARAYA;SN-BAKEL:750 SN-SARAYA:750;Association de ressortissants en France | Service régional de l’hydraulique | Fédération des éleveurs de Kédougou;Fondation B | Union européenne (fictif) | Coopération décentralisée C;650000;Projet fictif de démonstration porté par Le Partenariat sur Bakel, Saraya. Il illustre la structure d’une fiche projet : objectifs, activités principales et résultats attendus. Thématique principale : Développement local.
P074;Appui aux cantines scolaires – ligne de test;grdr;;education_formation;2 4;en_cours;2023;2026;SN-PODOR SN-XYZ;SN-PODOR:1200 SN-XYZ:800;Commune de Podor;Fondation B;150000;Ligne volontairement erronée pour démontrer le contrôle qualité : le code d’unité SN-XYZ n’existe pas.
P075;Maraîchage des femmes – ligne de test;gret;;secu_alim;2;termine;2024;2027;MR-KAEDI;MR-KAEDI:900;Association des femmes de Kaédi;Agence bilatérale A;90000;Ligne volontairement incohérente pour démontrer le contrôle qualité : projet déclaré terminé mais se terminant en 2027.
